{
  "token_acc":1.0,
  "token_p":1.0,
  "token_r":1.0,
  "token_f":1.0,
  "ents_p":0.4126984127,
  "ents_r":0.2574257426,
  "ents_f":0.3170731707,
  "ents_per_type":{
    "FAC":{
      "p":0.5,
      "r":0.3157894737,
      "f":0.3870967742
    },
    "LOC":{
      "p":0.3333333333,
      "r":0.25,
      "f":0.2857142857
    },
    "PER":{
      "p":0.4,
      "r":0.1538461538,
      "f":0.2222222222
    },
    "GPE":{
      "p":0.4137931034,
      "r":0.4,
      "f":0.406779661
    },
    "VEH":{
      "p":0.0,
      "r":0.0,
      "f":0.0
    },
    "ORG":{
      "p":0.0,
      "r":0.0,
      "f":0.0
    }
  },
  "speed":11870.9980330655
}