{
  "lang":"it",
  "name":"pipeline",
  "version":"0.0.0",
  "spacy_version":">=3.5.2,<3.6.0",
  "description":"",
  "author":"",
  "email":"",
  "url":"",
  "license":"",
  "spacy_git_version":"aea4a96f9",
  "vectors":{
    "width":0,
    "vectors":0,
    "keys":0,
    "name":null,
    "mode":"default"
  },
  "labels":{
    "tok2vec":[

    ],
    "ner":[
      "FAC",
      "GPE",
      "LOC",
      "ORG",
      "PER",
      "VEH"
    ]
  },
  "pipeline":[
    "tok2vec",
    "ner"
  ],
  "components":[
    "tok2vec",
    "ner"
  ],
  "disabled":[

  ],
  "performance":{
    "ents_f":0.6856115108,
    "ents_p":0.7069732938,
    "ents_r":0.6655027933,
    "ents_per_type":{
      "LOC":{
        "p":0.6282051282,
        "r":0.6202531646,
        "f":0.6242038217
      },
      "PER":{
        "p":0.7439153439,
        "r":0.6708015267,
        "f":0.705469142
      },
      "FAC":{
        "p":0.6634615385,
        "r":0.7582417582,
        "f":0.7076923077
      },
      "VEH":{
        "p":0.7,
        "r":0.7,
        "f":0.7
      },
      "GPE":{
        "p":0.484375,
        "r":0.5438596491,
        "f":0.5123966942
      },
      "ORG":{
        "p":0.3076923077,
        "r":0.1538461538,
        "f":0.2051282051
      }
    },
    "tok2vec_loss":3238.2328666449,
    "ner_loss":7981.9042778387
  }
}