{
  "lang":"it",
  "name":"pipeline",
  "version":"0.0.0",
  "spacy_version":">=3.5.2,<3.6.0",
  "description":"",
  "author":"",
  "email":"",
  "url":"",
  "license":"",
  "spacy_git_version":"aea4a96f9",
  "vectors":{
    "width":0,
    "vectors":0,
    "keys":0,
    "name":null,
    "mode":"default"
  },
  "labels":{
    "tok2vec":[

    ],
    "ner":[
      "FAC",
      "GPE",
      "LOC",
      "ORG",
      "PER",
      "VEH"
    ]
  },
  "pipeline":[
    "tok2vec",
    "ner"
  ],
  "components":[
    "tok2vec",
    "ner"
  ],
  "disabled":[

  ],
  "performance":{
    "ents_f":0.6427015251,
    "ents_p":0.7277960526,
    "ents_r":0.5754226268,
    "ents_per_type":{
      "LOC":{
        "p":0.6699029126,
        "r":0.4107142857,
        "f":0.5092250923
      },
      "PER":{
        "p":0.7458033573,
        "r":0.6021297193,
        "f":0.6663095876
      },
      "FAC":{
        "p":0.7197802198,
        "r":0.6298076923,
        "f":0.6717948718
      },
      "GPE":{
        "p":0.6818181818,
        "r":0.4347826087,
        "f":0.5309734513
      },
      "ORG":{
        "p":0.0769230769,
        "r":0.0588235294,
        "f":0.0666666667
      },
      "VEH":{
        "p":0.8,
        "r":0.7441860465,
        "f":0.7710843373
      }
    },
    "tok2vec_loss":3016.1787093878,
    "ner_loss":4104.4594686149
  }
}