{
  "token_acc":1.0,
  "token_p":1.0,
  "token_r":1.0,
  "token_f":1.0,
  "ents_p":0.25,
  "ents_r":0.1428571429,
  "ents_f":0.1818181818,
  "ents_per_type":{
    "GPE":{
      "p":0.3,
      "r":0.4545454545,
      "f":0.3614457831
    },
    "FAC":{
      "p":0.0,
      "r":0.0,
      "f":0.0
    },
    "PER":{
      "p":0.0,
      "r":0.0,
      "f":0.0
    },
    "LOC":{
      "p":0.0,
      "r":0.0,
      "f":0.0
    },
    "ORG":{
      "p":0.0,
      "r":0.0,
      "f":0.0
    },
    "VEH":{
      "p":0.0,
      "r":0.0,
      "f":0.0
    }
  },
  "speed":11664.4370354961
}