{
  "lang":"it",
  "name":"pipeline",
  "version":"0.0.0",
  "spacy_version":">=3.5.2,<3.6.0",
  "description":"",
  "author":"",
  "email":"",
  "url":"",
  "license":"",
  "spacy_git_version":"aea4a96f9",
  "vectors":{
    "width":0,
    "vectors":0,
    "keys":0,
    "name":null,
    "mode":"default"
  },
  "labels":{
    "tok2vec":[

    ],
    "ner":[
      "FAC",
      "GPE",
      "LOC",
      "ORG",
      "PER",
      "VEH"
    ]
  },
  "pipeline":[
    "tok2vec",
    "ner"
  ],
  "components":[
    "tok2vec",
    "ner"
  ],
  "disabled":[

  ],
  "performance":{
    "ents_f":0.1849710983,
    "ents_p":0.2222222222,
    "ents_r":0.1584158416,
    "ents_per_type":{
      "GPE":{
        "p":0.28125,
        "r":0.3913043478,
        "f":0.3272727273
      },
      "PER":{
        "p":0.0909090909,
        "r":0.0666666667,
        "f":0.0769230769
      },
      "FAC":{
        "p":0.1818181818,
        "r":0.1176470588,
        "f":0.1428571429
      },
      "ORG":{
        "p":0.6666666667,
        "r":0.25,
        "f":0.3636363636
      },
      "LOC":{
        "p":0.3333333333,
        "r":0.05,
        "f":0.0869565217
      },
      "VEH":{
        "p":0.0,
        "r":0.0,
        "f":0.0
      }
    },
    "tok2vec_loss":4066.3152648296,
    "ner_loss":911.7278227241
  }
}