{
  "lang":"it",
  "name":"pipeline",
  "version":"0.0.0",
  "spacy_version":">=3.5.2,<3.6.0",
  "description":"",
  "author":"",
  "email":"",
  "url":"",
  "license":"",
  "spacy_git_version":"aea4a96f9",
  "vectors":{
    "width":0,
    "vectors":0,
    "keys":0,
    "name":null,
    "mode":"default"
  },
  "labels":{
    "tok2vec":[

    ],
    "ner":[
      "FAC",
      "GPE",
      "LOC",
      "ORG",
      "PER",
      "VEH"
    ]
  },
  "pipeline":[
    "tok2vec",
    "ner"
  ],
  "components":[
    "tok2vec",
    "ner"
  ],
  "disabled":[

  ],
  "performance":{
    "ents_f":0.1733333333,
    "ents_p":0.2653061224,
    "ents_r":0.1287128713,
    "ents_per_type":{
      "PER":{
        "p":0.1176470588,
        "r":0.0666666667,
        "f":0.085106383
      },
      "FAC":{
        "p":0.2222222222,
        "r":0.1176470588,
        "f":0.1538461538
      },
      "GPE":{
        "p":0.4,
        "r":0.2608695652,
        "f":0.3157894737
      },
      "ORG":{
        "p":0.3333333333,
        "r":0.25,
        "f":0.2857142857
      },
      "LOC":{
        "p":1.0,
        "r":0.05,
        "f":0.0952380952
      },
      "VEH":{
        "p":0.0,
        "r":0.0,
        "f":0.0
      }
    },
    "tok2vec_loss":1137.4604089306,
    "ner_loss":638.9033307118
  }
}