{
  "lang":"it",
  "name":"pipeline",
  "version":"0.0.0",
  "spacy_version":">=3.5.2,<3.6.0",
  "description":"",
  "author":"",
  "email":"",
  "url":"",
  "license":"",
  "spacy_git_version":"aea4a96f9",
  "vectors":{
    "width":0,
    "vectors":0,
    "keys":0,
    "name":null,
    "mode":"default"
  },
  "labels":{
    "tok2vec":[

    ],
    "ner":[
      "FAC",
      "GPE",
      "LOC",
      "ORG",
      "PER",
      "VEH"
    ]
  },
  "pipeline":[
    "tok2vec",
    "ner"
  ],
  "components":[
    "tok2vec",
    "ner"
  ],
  "disabled":[

  ],
  "performance":{
    "ents_f":0.6952104499,
    "ents_p":0.7235649547,
    "ents_r":0.6689944134,
    "ents_per_type":{
      "LOC":{
        "p":0.6710526316,
        "r":0.6455696203,
        "f":0.6580645161
      },
      "PER":{
        "p":0.7531914894,
        "r":0.6755725191,
        "f":0.7122736419
      },
      "VEH":{
        "p":0.6818181818,
        "r":0.75,
        "f":0.7142857143
      },
      "FAC":{
        "p":0.706185567,
        "r":0.7527472527,
        "f":0.7287234043
      },
      "GPE":{
        "p":0.5,
        "r":0.4736842105,
        "f":0.4864864865
      },
      "ORG":{
        "p":0.3125,
        "r":0.1923076923,
        "f":0.2380952381
      }
    },
    "tok2vec_loss":3735.0597904325,
    "ner_loss":4218.8174647108
  }
}