{
  "token_acc":1.0,
  "token_p":1.0,
  "token_r":1.0,
  "token_f":1.0,
  "ents_p":0.7342995169,
  "ents_r":0.6141414141,
  "ents_f":0.6688668867,
  "ents_per_type":{
    "PER":{
      "p":0.7514910537,
      "r":0.6506024096,
      "f":0.6974169742
    },
    "LOC":{
      "p":0.6829268293,
      "r":0.4117647059,
      "f":0.5137614679
    },
    "FAC":{
      "p":0.6715328467,
      "r":0.5609756098,
      "f":0.6112956811
    },
    "VEH":{
      "p":0.4545454545,
      "r":0.2941176471,
      "f":0.3571428571
    },
    "GPE":{
      "p":0.7352941176,
      "r":0.5434782609,
      "f":0.625
    },
    "ORG":{
      "p":0.5,
      "r":0.0909090909,
      "f":0.1538461538
    }
  },
  "speed":11818.6265423061
}