{
  "lang":"it",
  "name":"pipeline",
  "version":"0.0.0",
  "spacy_version":">=3.5.2,<3.6.0",
  "description":"",
  "author":"",
  "email":"",
  "url":"",
  "license":"",
  "spacy_git_version":"aea4a96f9",
  "vectors":{
    "width":0,
    "vectors":0,
    "keys":0,
    "name":null,
    "mode":"default"
  },
  "labels":{
    "tok2vec":[

    ],
    "ner":[
      "FAC",
      "GPE",
      "LOC",
      "ORG",
      "PER",
      "VEH"
    ]
  },
  "pipeline":[
    "tok2vec",
    "ner"
  ],
  "components":[
    "tok2vec",
    "ner"
  ],
  "disabled":[

  ],
  "performance":{
    "ents_f":0.6474153298,
    "ents_p":0.7166535122,
    "ents_r":0.5903771131,
    "ents_per_type":{
      "LOC":{
        "p":0.7272727273,
        "r":0.380952381,
        "f":0.5
      },
      "PER":{
        "p":0.723522854,
        "r":0.628267183,
        "f":0.6725388601
      },
      "FAC":{
        "p":0.7441860465,
        "r":0.6153846154,
        "f":0.6736842105
      },
      "GPE":{
        "p":0.5789473684,
        "r":0.4782608696,
        "f":0.5238095238
      },
      "ORG":{
        "p":0.1818181818,
        "r":0.1176470588,
        "f":0.1428571429
      },
      "VEH":{
        "p":0.7619047619,
        "r":0.7441860465,
        "f":0.7529411765
      }
    },
    "tok2vec_loss":3102.8548240662,
    "ner_loss":10189.9535316213
  }
}