{
  "token_acc":1.0,
  "token_p":1.0,
  "token_r":1.0,
  "token_f":1.0,
  "ents_p":0.7144144144,
  "ents_r":0.6205007825,
  "ents_f":0.6641541039,
  "ents_per_type":{
    "PER":{
      "p":0.7273768614,
      "r":0.6532921811,
      "f":0.6883468835
    },
    "FAC":{
      "p":0.75,
      "r":0.6279069767,
      "f":0.6835443038
    },
    "GPE":{
      "p":0.6119402985,
      "r":0.5694444444,
      "f":0.5899280576
    },
    "VEH":{
      "p":0.7777777778,
      "r":0.28,
      "f":0.4117647059
    },
    "LOC":{
      "p":0.5384615385,
      "r":0.3442622951,
      "f":0.42
    },
    "ORG":{
      "p":0.5714285714,
      "r":0.4210526316,
      "f":0.4848484848
    }
  },
  "speed":11276.5331858605
}