{
  "lang":"it",
  "name":"pipeline",
  "version":"0.0.0",
  "spacy_version":">=3.5.2,<3.6.0",
  "description":"",
  "author":"",
  "email":"",
  "url":"",
  "license":"",
  "spacy_git_version":"aea4a96f9",
  "vectors":{
    "width":0,
    "vectors":0,
    "keys":0,
    "name":null,
    "mode":"default"
  },
  "labels":{
    "tok2vec":[

    ],
    "ner":[
      "FAC",
      "GPE",
      "LOC",
      "ORG",
      "PER",
      "VEH"
    ]
  },
  "pipeline":[
    "tok2vec",
    "ner"
  ],
  "components":[
    "tok2vec",
    "ner"
  ],
  "disabled":[

  ],
  "performance":{
    "ents_f":0.7005607477,
    "ents_p":0.7538213998,
    "ents_r":0.6543296089,
    "ents_per_type":{
      "LOC":{
        "p":0.6865671642,
        "r":0.582278481,
        "f":0.6301369863
      },
      "PER":{
        "p":0.7716450216,
        "r":0.6803435115,
        "f":0.7231237323
      },
      "GPE":{
        "p":0.7857142857,
        "r":0.3859649123,
        "f":0.5176470588
      },
      "VEH":{
        "p":0.6923076923,
        "r":0.675,
        "f":0.6835443038
      },
      "FAC":{
        "p":0.7,
        "r":0.6923076923,
        "f":0.6961325967
      },
      "ORG":{
        "p":0.6,
        "r":0.1153846154,
        "f":0.1935483871
      }
    },
    "tok2vec_loss":2631.1366722584,
    "ner_loss":15338.9880119643
  }
}