{
  "token_acc":1.0,
  "token_p":1.0,
  "token_r":1.0,
  "token_f":1.0,
  "ents_p":0.3653846154,
  "ents_r":0.2533333333,
  "ents_f":0.2992125984,
  "ents_per_type":{
    "FAC":{
      "p":0.4545454545,
      "r":0.2380952381,
      "f":0.3125
    },
    "PER":{
      "p":0.25,
      "r":0.1578947368,
      "f":0.1935483871
    },
    "GPE":{
      "p":0.3333333333,
      "r":0.5294117647,
      "f":0.4090909091
    },
    "ORG":{
      "p":1.0,
      "r":0.25,
      "f":0.4
    },
    "LOC":{
      "p":0.0,
      "r":0.0,
      "f":0.0
    },
    "VEH":{
      "p":0.0,
      "r":0.0,
      "f":0.0
    }
  },
  "speed":12133.588962335
}