{
  "lang":"it",
  "name":"pipeline",
  "version":"0.0.0",
  "spacy_version":">=3.5.2,<3.6.0",
  "description":"",
  "author":"",
  "email":"",
  "url":"",
  "license":"",
  "spacy_git_version":"aea4a96f9",
  "vectors":{
    "width":0,
    "vectors":0,
    "keys":0,
    "name":null,
    "mode":"default"
  },
  "labels":{
    "tok2vec":[

    ],
    "ner":[
      "FAC",
      "GPE",
      "LOC",
      "ORG",
      "PER",
      "VEH"
    ]
  },
  "pipeline":[
    "tok2vec",
    "ner"
  ],
  "components":[
    "tok2vec",
    "ner"
  ],
  "disabled":[

  ],
  "performance":{
    "ents_f":0.6965542794,
    "ents_p":0.7419100237,
    "ents_r":0.656424581,
    "ents_per_type":{
      "LOC":{
        "p":0.5844155844,
        "r":0.5696202532,
        "f":0.5769230769
      },
      "PER":{
        "p":0.7552742616,
        "r":0.6832061069,
        "f":0.7174348697
      },
      "FAC":{
        "p":0.7654320988,
        "r":0.6813186813,
        "f":0.7209302326
      },
      "GPE":{
        "p":0.5869565217,
        "r":0.4736842105,
        "f":0.5242718447
      },
      "ORG":{
        "p":0.75,
        "r":0.1153846154,
        "f":0.2
      },
      "VEH":{
        "p":0.8333333333,
        "r":0.625,
        "f":0.7142857143
      }
    },
    "tok2vec_loss":3532.962115407,
    "ner_loss":11008.8299973713
  }
}