{
  "lang":"it",
  "name":"pipeline",
  "version":"0.0.0",
  "spacy_version":">=3.5.2,<3.6.0",
  "description":"",
  "author":"",
  "email":"",
  "url":"",
  "license":"",
  "spacy_git_version":"aea4a96f9",
  "vectors":{
    "width":0,
    "vectors":0,
    "keys":0,
    "name":null,
    "mode":"default"
  },
  "labels":{
    "tok2vec":[

    ],
    "ner":[
      "FAC",
      "GPE",
      "LOC",
      "ORG",
      "PER",
      "VEH"
    ]
  },
  "pipeline":[
    "tok2vec",
    "ner"
  ],
  "components":[
    "tok2vec",
    "ner"
  ],
  "disabled":[

  ],
  "performance":{
    "ents_f":0.1714285714,
    "ents_p":0.2368421053,
    "ents_r":0.1343283582,
    "ents_per_type":{
      "PER":{
        "p":0.4285714286,
        "r":0.1153846154,
        "f":0.1818181818
      },
      "GPE":{
        "p":0.1111111111,
        "r":0.0625,
        "f":0.08
      },
      "FAC":{
        "p":0.4444444444,
        "r":0.3076923077,
        "f":0.3636363636
      },
      "VEH":{
        "p":0.0,
        "r":0.0,
        "f":0.0
      },
      "ORG":{
        "p":0.0,
        "r":0.0,
        "f":0.0
      },
      "LOC":{
        "p":0.1428571429,
        "r":0.1428571429,
        "f":0.1428571429
      }
    },
    "tok2vec_loss":771.6920175909,
    "ner_loss":335.1924733172
  }
}