{
  "token_acc":1.0,
  "token_p":1.0,
  "token_r":1.0,
  "token_f":1.0,
  "ents_p":0.7316495659,
  "ents_r":0.6242424242,
  "ents_f":0.6736918605,
  "ents_per_type":{
    "PER":{
      "p":0.7447013487,
      "r":0.665232358,
      "f":0.7027272727
    },
    "LOC":{
      "p":0.5769230769,
      "r":0.4411764706,
      "f":0.5
    },
    "FAC":{
      "p":0.7226890756,
      "r":0.5243902439,
      "f":0.6077738516
    },
    "VEH":{
      "p":0.5909090909,
      "r":0.3823529412,
      "f":0.4642857143
    },
    "GPE":{
      "p":0.7272727273,
      "r":0.5217391304,
      "f":0.6075949367
    },
    "ORG":{
      "p":0.3333333333,
      "r":0.0909090909,
      "f":0.1428571429
    }
  },
  "speed":11748.5506717458
}